x-axis,1,2
second,Volt,Volt
+3.1320000E-03,+374.8437557E-03,-1.1875000000E+00
+3.1322000E-03,+377.9687557E-03,-1.1835937500E+00
+3.1324000E-03,+382.2656308E-03,-1.1718750000E+00
+3.1326000E-03,+385.3906308E-03,-1.1718750000E+00
+3.1328000E-03,+385.0000058E-03,-1.1914062500E+00
+3.1330000E-03,+386.5625059E-03,-1.1914062500E+00
+3.1332000E-03,+393.2031310E-03,-1.1640625000E+00
+3.1334000E-03,+395.1562560E-03,-1.1796875000E+00
+3.1336000E-03,+395.9375060E-03,-1.1835937500E+00
+3.1338000E-03,+397.5000060E-03,-1.1875000000E+00
+3.1340000E-03,+401.7968811E-03,-1.1757812500E+00
+3.1342000E-03,+405.3125061E-03,-1.1757812500E+00
+3.1344000E-03,+405.3125061E-03,-1.1953125000E+00
+3.1346000E-03,+409.6093812E-03,-1.1796875000E+00
+3.1348000E-03,+411.5625062E-03,-1.1835937500E+00
+3.1350000E-03,+415.0781313E-03,-1.1796875000E+00
+3.1352000E-03,+416.2500063E-03,-1.1914062500E+00
+3.1354000E-03,+420.1562564E-03,-1.1757812500E+00
+3.1356000E-03,+423.6718814E-03,-1.1718750000E+00
+3.1358000E-03,+423.6718814E-03,-1.1875000000E+00
+3.1360000E-03,+427.5781315E-03,-1.1718750000E+00
+3.1362000E-03,+427.9687565E-03,-1.1953125000E+00
+3.1364000E-03,+433.8281316E-03,-1.1679687500E+00
+3.1366000E-03,+434.6093816E-03,-1.1835937500E+00
+3.1368000E-03,+435.7812566E-03,-1.1914062500E+00
+3.1370000E-03,+437.3437566E-03,-1.1953125000E+00
+3.1372000E-03,+442.8125067E-03,-1.1718750000E+00
+3.1374000E-03,+447.5000068E-03,-1.1640625000E+00
+3.1376000E-03,+444.7656317E-03,-1.1953125000E+00
+3.1378000E-03,+447.5000068E-03,-1.1835937500E+00
+3.1380000E-03,+453.3593818E-03,-1.1640625000E+00
+3.1382000E-03,+454.9218819E-03,-1.1796875000E+00
+3.1384000E-03,+456.0937569E-03,-1.1835937500E+00
+3.1386000E-03,+458.0468819E-03,-1.1914062500E+00
+3.1388000E-03,+463.5156320E-03,-1.1718750000E+00
+3.1390000E-03,+464.2968820E-03,-1.1875000000E+00
+3.1392000E-03,+466.6406320E-03,-1.1835937500E+00
+3.1394000E-03,+469.7656321E-03,-1.1796875000E+00
+3.1396000E-03,+472.8906321E-03,-1.1718750000E+00
+3.1398000E-03,+474.4531322E-03,-1.1796875000E+00
+3.1400000E-03,+476.0156322E-03,-1.1718750000E+00
+3.1402000E-03,+467.4218821E-03,-1.1093750000E+00
+3.1404000E-03,+459.2187569E-03,-863.2812500E-03
+3.1406000E-03,+454.9218819E-03,-445.3125000E-03
+3.1408000E-03,+449.8437568E-03,+78.1250000E-03
+3.1410000E-03,+445.5468817E-03,+703.1250000E-03
+3.1412000E-03,+440.8593817E-03,+1.3750000000E+00
+3.1414000E-03,+439.6875066E-03,+2.1015625000E+00
+3.1416000E-03,+436.5625066E-03,+2.7890625000E+00
+3.1418000E-03,+432.6562565E-03,+3.4296875000E+00
+3.1420000E-03,+426.4062564E-03,+4.0117187500E+00
+3.1422000E-03,+424.0625064E-03,+4.5820312500E+00
+3.1424000E-03,+418.2031313E-03,+5.0195312500E+00
+3.1426000E-03,+408.0468812E-03,+5.3710937500E+00
+3.1428000E-03,+402.9687561E-03,+5.6953125000E+00
+3.1430000E-03,+396.7187560E-03,+5.9101562500E+00
+3.1432000E-03,+386.1718808E-03,+6.0429687500E+00
+3.1434000E-03,+376.0156307E-03,+6.1210937500E+00
+3.1436000E-03,+367.4218806E-03,+6.1484375000E+00
+3.1438000E-03,+356.0937554E-03,+6.1093750000E+00
+3.1440000E-03,+344.7656302E-03,+6.0390625000E+00
+3.1442000E-03,+335.0000051E-03,+5.9570312500E+00
+3.1444000E-03,+322.5000049E-03,+5.8242187500E+00
+3.1446000E-03,+308.8281297E-03,+5.6914062500E+00
+3.1448000E-03,+300.6250046E-03,+5.5781250000E+00
+3.1450000E-03,+288.5156294E-03,+5.4375000000E+00
+3.1452000E-03,+279.1406293E-03,+5.3320312500E+00
+3.1454000E-03,+265.8593791E-03,+5.2031250000E+00
+3.1456000E-03,+253.7500039E-03,+5.1132812500E+00
+3.1458000E-03,+245.1562537E-03,+5.0429687500E+00
+3.1460000E-03,+235.0000036E-03,+4.9765625000E+00
+3.1462000E-03,+221.3281284E-03,+4.9023437500E+00
+3.1464000E-03,+211.5625032E-03,+4.8750000000E+00
+3.1466000E-03,+202.9687531E-03,+4.8632812500E+00
+3.1468000E-03,+191.6406279E-03,+4.8359375000E+00
+3.1470000E-03,+180.3125028E-03,+4.8320312500E+00
+3.1472000E-03,+171.3281276E-03,+4.8437500000E+00
+3.1474000E-03,+161.1718775E-03,+4.8554687500E+00
+3.1476000E-03,+149.0625023E-03,+4.8632812500E+00
+3.1478000E-03,+140.4687522E-03,+4.8906250000E+00
+3.1480000E-03,+129.9218770E-03,+4.9023437500E+00
+3.1482000E-03,+120.1562519E-03,+4.9296875000E+00
+3.1484000E-03,+111.1718767E-03,+4.9609375000E+00
+3.1486000E-03,+101.0156266E-03,+4.9765625000E+00
+3.1488000E-03,+88.9062514E-03,+4.9843750000E+00
+3.1490000E-03,+81.8750013E-03,+5.0273437500E+00
+3.1492000E-03,+71.7187512E-03,+5.0390625000E+00
+3.1494000E-03,+59.6093760E-03,+5.0429687500E+00
+3.1496000E-03,+49.0625008E-03,+5.0507812500E+00
+3.1498000E-03,+40.4687507E-03,+5.0742187500E+00
+3.1500000E-03,+31.0937506E-03,+5.0703125000E+00
+3.1502000E-03,+21.3281254E-03,+5.0781250000E+00
+3.1504000E-03,+11.1718753E-03,+5.0742187500E+00
+3.1506000E-03,+1.4062501E-03,+5.0742187500E+00
+3.1508000E-03,-6.7968750E-03,+5.0703125000E+00
+3.1510000E-03,-16.9531252E-03,+5.0625000000E+00
+3.1512000E-03,-25.1562503E-03,+5.0742187500E+00
+3.1514000E-03,-36.4843755E-03,+5.0585937500E+00
+3.1516000E-03,-47.4218756E-03,+5.0546875000E+00
+3.1518000E-03,-57.1875008E-03,+5.0546875000E+00
+3.1520000E-03,-66.1718759E-03,+5.0585937500E+00
+3.1522000E-03,-78.2812511E-03,+5.0468750000E+00
+3.1524000E-03,-88.8281262E-03,+5.0429687500E+00
+3.1526000E-03,-100.5468764E-03,+5.0351562500E+00
+3.1528000E-03,-109.5312515E-03,+5.0429687500E+00
+3.1530000E-03,-118.9062517E-03,+5.0468750000E+00
+3.1532000E-03,-130.6250019E-03,+5.0351562500E+00
+3.1534000E-03,-137.6562520E-03,+5.0585937500E+00
+3.1536000E-03,-149.3750021E-03,+5.0468750000E+00
+3.1538000E-03,-159.9218773E-03,+5.0468750000E+00
+3.1540000E-03,-170.0781274E-03,+5.0429687500E+00
+3.1542000E-03,-178.6718776E-03,+5.0546875000E+00
+3.1544000E-03,-189.2187527E-03,+5.0468750000E+00
+3.1546000E-03,-201.3281279E-03,+5.0390625000E+00
+3.1548000E-03,-210.3125030E-03,+5.0546875000E+00
+3.1550000E-03,-221.2500032E-03,+5.0429687500E+00
+3.1552000E-03,-230.2343783E-03,+5.0585937500E+00
+3.1554000E-03,-241.1718785E-03,+5.0507812500E+00
+3.1556000E-03,-252.8906287E-03,+5.0468750000E+00
+3.1558000E-03,-261.8750038E-03,+5.0546875000E+00
+3.1560000E-03,-272.0312540E-03,+5.0507812500E+00
+3.1562000E-03,-282.9687541E-03,+5.0507812500E+00
+3.1564000E-03,-291.5625043E-03,+5.0664062500E+00
+3.1566000E-03,-301.7187544E-03,+5.0585937500E+00
+3.1568000E-03,-313.8281296E-03,+5.0507812500E+00
+3.1570000E-03,-322.4218797E-03,+5.0625000000E+00
+3.1572000E-03,-331.0156298E-03,+5.0664062500E+00
+3.1574000E-03,-342.3437550E-03,+5.0585937500E+00
+3.1576000E-03,-350.9375051E-03,+5.0703125000E+00
+3.1578000E-03,-362.6562553E-03,+5.0585937500E+00
+3.1580000E-03,-372.4218805E-03,+5.0625000000E+00
+3.1582000E-03,-380.6250056E-03,+5.0781250000E+00
+3.1584000E-03,-391.5625057E-03,+5.0703125000E+00
+3.1586000E-03,-404.4531309E-03,+5.0546875000E+00
+3.1588000E-03,-411.4843810E-03,+5.0820312500E+00
+3.1590000E-03,-419.6875062E-03,+5.0859375000E+00
+3.1592000E-03,-434.5312564E-03,+5.0546875000E+00
+3.1594000E-03,-443.1250065E-03,+5.0742187500E+00
+3.1596000E-03,-450.5468816E-03,+5.0820312500E+00
+3.1598000E-03,-463.0468818E-03,+5.0664062500E+00
+3.1600000E-03,-473.2031320E-03,+5.0625000000E+00
+3.1602000E-03,-471.2500069E-03,+5.0078125000E+00
+3.1604000E-03,-470.8593819E-03,+4.7695312500E+00
+3.1606000E-03,-474.3750070E-03,+4.3554687500E+00
+3.1608000E-03,-477.8906320E-03,+3.8164062500E+00
+3.1610000E-03,-479.4531321E-03,+3.2109374999E+00
+3.1612000E-03,-483.7500071E-03,+2.5390624999E+00
+3.1614000E-03,-488.8281322E-03,+1.8320312499E+00
+3.1616000E-03,-493.9062573E-03,+1.1367187499E+00
+3.1618000E-03,-495.8593823E-03,+492.1874999E-03
+3.1620000E-03,-498.5937573E-03,-97.6562500E-03
+3.1622000E-03,-502.1093824E-03,-640.6250000E-03
+3.1624000E-03,-505.6250074E-03,-1.1210937500E+00
+3.1626000E-03,-504.4531324E-03,-1.4921875000E+00
+3.1628000E-03,-504.8437574E-03,-1.8164062500E+00
+3.1630000E-03,-504.8437574E-03,-2.0546875000E+00
+3.1632000E-03,-504.4531324E-03,-2.2070312500E+00
+3.1634000E-03,-501.7187574E-03,-2.2929687500E+00
+3.1636000E-03,-500.1562574E-03,-2.3203125000E+00
+3.1638000E-03,-496.2500073E-03,-2.2851562500E+00
+3.1640000E-03,-491.9531322E-03,-2.2148437500E+00
+3.1642000E-03,-489.6093822E-03,-2.1289062500E+00
+3.1644000E-03,-486.8750072E-03,-2.0078125000E+00
+3.1646000E-03,-481.7968821E-03,-1.8750000000E+00
+3.1648000E-03,-478.2812570E-03,-1.7421875000E+00
+3.1650000E-03,-475.1562570E-03,-1.6171875000E+00
+3.1652000E-03,-469.6875069E-03,-1.4804687500E+00
+3.1654000E-03,-466.5625069E-03,-1.3710937500E+00
+3.1656000E-03,-465.0000068E-03,-1.2851562500E+00
+3.1658000E-03,-461.0937568E-03,-1.1835937500E+00
+3.1660000E-03,-454.8437567E-03,-1.1054687500E+00
+3.1662000E-03,-452.1093816E-03,-1.0546875000E+00
+3.1664000E-03,-452.1093816E-03,-1.0312500000E+00
+3.1666000E-03,-448.5937566E-03,-996.0937500E-03
+3.1668000E-03,-442.7343815E-03,-960.9375000E-03
+3.1670000E-03,-440.3906315E-03,-964.8437500E-03
+3.1672000E-03,-440.7812565E-03,-988.2812500E-03
+3.1674000E-03,-438.8281314E-03,-996.0937500E-03
+3.1676000E-03,-433.3593814E-03,-996.0937500E-03
+3.1678000E-03,-430.2343813E-03,-1.0156250000E+00
+3.1680000E-03,-430.6250063E-03,-1.0546875000E+00
+3.1682000E-03,-429.4531313E-03,-1.0820312500E+00
+3.1684000E-03,-424.7656312E-03,-1.0937500000E+00
+3.1686000E-03,-421.2500062E-03,-1.1093750000E+00
+3.1688000E-03,-419.6875062E-03,-1.1406250000E+00
+3.1690000E-03,-419.6875062E-03,-1.1640625000E+00
+3.1692000E-03,-416.9531311E-03,-1.1757812500E+00
+3.1694000E-03,-412.2656310E-03,-1.1757812500E+00
+3.1696000E-03,-408.7500060E-03,-1.1835937500E+00
+3.1698000E-03,-411.4843810E-03,-1.2265625000E+00
+3.1700000E-03,-406.0156310E-03,-1.2031250000E+00
+3.1702000E-03,-401.7187559E-03,-1.1992187500E+00
+3.1704000E-03,-399.7656309E-03,-1.2070312500E+00
+3.1706000E-03,-400.1562559E-03,-1.2226562500E+00
+3.1708000E-03,-395.8593808E-03,-1.1992187500E+00
+3.1710000E-03,-392.3437558E-03,-1.1992187500E+00
+3.1712000E-03,-390.3906307E-03,-1.1992187500E+00
+3.1714000E-03,-388.8281307E-03,-1.1992187500E+00
+3.1716000E-03,-386.0937557E-03,-1.1953125000E+00
+3.1718000E-03,-381.7968806E-03,-1.1796875000E+00
+3.1720000E-03,-380.2343806E-03,-1.1875000000E+00
+3.1722000E-03,-377.5000055E-03,-1.1796875000E+00
+3.1724000E-03,-374.7656305E-03,-1.1796875000E+00
+3.1726000E-03,-373.2031305E-03,-1.1835937500E+00
+3.1728000E-03,-370.8593804E-03,-1.1835937500E+00
+3.1730000E-03,-366.1718804E-03,-1.1679687500E+00
+3.1732000E-03,-364.2187553E-03,-1.1757812500E+00
+3.1734000E-03,-363.0468803E-03,-1.1796875000E+00
+3.1736000E-03,-359.9218803E-03,-1.1757812500E+00
+3.1738000E-03,-356.0156302E-03,-1.1640625000E+00
+3.1740000E-03,-354.4531302E-03,-1.1796875000E+00
+3.1742000E-03,-353.2812552E-03,-1.1796875000E+00
+3.1744000E-03,-348.9843801E-03,-1.1718750000E+00
+3.1746000E-03,-345.8593801E-03,-1.1679687500E+00
+3.1748000E-03,-345.4687551E-03,-1.1835937500E+00
+3.1750000E-03,-343.1250050E-03,-1.1796875000E+00
+3.1752000E-03,-339.2187550E-03,-1.1757812500E+00
+3.1754000E-03,-336.0937549E-03,-1.1757812500E+00
+3.1756000E-03,-333.7500049E-03,-1.1679687500E+00
+3.1758000E-03,-332.5781299E-03,-1.1835937500E+00
+3.1760000E-03,-331.0156298E-03,-1.1875000000E+00
+3.1762000E-03,-325.5468798E-03,-1.1679687500E+00
+3.1764000E-03,-323.5937547E-03,-1.1757812500E+00
+3.1766000E-03,-322.4218797E-03,-1.1875000000E+00
+3.1768000E-03,-322.0312547E-03,-1.1953125000E+00
+3.1770000E-03,-315.3906296E-03,-1.1679687500E+00
+3.1772000E-03,-315.0000046E-03,-1.1914062500E+00
+3.1774000E-03,-313.4375046E-03,-1.1875000000E+00
+3.1776000E-03,-309.1406295E-03,-1.1718750000E+00
+3.1778000E-03,-307.5781295E-03,-1.1796875000E+00
+3.1780000E-03,-306.4062545E-03,-1.1875000000E+00
+3.1782000E-03,-301.7187544E-03,-1.1679687500E+00
+3.1784000E-03,-299.3750044E-03,-1.1757812500E+00
+3.1786000E-03,-298.2031294E-03,-1.1796875000E+00
+3.1788000E-03,-295.4687543E-03,-1.1796875000E+00
+3.1790000E-03,-291.5625043E-03,-1.1679687500E+00
+3.1792000E-03,-290.0000042E-03,-1.1757812500E+00
+3.1794000E-03,-286.0937542E-03,-1.1718750000E+00
+3.1796000E-03,-285.3125042E-03,-1.1835937500E+00
+3.1798000E-03,-282.9687541E-03,-1.1835937500E+00
+3.1800000E-03,-277.1093790E-03,-1.1601562500E+00
+3.1802000E-03,-277.1093790E-03,-1.1835937500E+00
+3.1804000E-03,-275.5468790E-03,-1.1875000000E+00
+3.1806000E-03,-271.6406290E-03,-1.1757812500E+00
+3.1808000E-03,-267.7343789E-03,-1.1718750000E+00
+3.1810000E-03,-266.5625039E-03,-1.1835937500E+00
+3.1812000E-03,-264.6093788E-03,-1.1835937500E+00
+3.1814000E-03,-261.4843788E-03,-1.1796875000E+00
+3.1816000E-03,-258.7500038E-03,-1.1796875000E+00
+3.1818000E-03,-256.0156287E-03,-1.1757812500E+00
+3.1820000E-03,-254.0625037E-03,-1.1796875000E+00
+3.1822000E-03,-251.3281287E-03,-1.1757812500E+00
+3.1824000E-03,-248.2031286E-03,-1.1757812500E+00
+3.1826000E-03,-246.6406286E-03,-1.1796875000E+00
+3.1828000E-03,-243.5156285E-03,-1.1796875000E+00
+3.1830000E-03,-242.3437535E-03,-1.1875000000E+00
+3.1832000E-03,-238.8281285E-03,-1.1835937500E+00
+3.1834000E-03,-236.0937534E-03,-1.1835937500E+00
+3.1836000E-03,-234.5312534E-03,-1.1835937500E+00
+3.1838000E-03,-230.2343783E-03,-1.1718750000E+00
+3.1840000E-03,-227.8906283E-03,-1.1757812500E+00
+3.1842000E-03,-225.1562533E-03,-1.1718750000E+00
+3.1844000E-03,-222.8125032E-03,-1.1757812500E+00
+3.1846000E-03,-219.6875032E-03,-1.1718750000E+00
+3.1848000E-03,-216.5625031E-03,-1.1757812500E+00
+3.1850000E-03,-215.3906281E-03,-1.1835937500E+00
+3.1852000E-03,-212.6562531E-03,-1.1835937500E+00
+3.1854000E-03,-209.1406280E-03,-1.1796875000E+00
+3.1856000E-03,-206.4062530E-03,-1.1796875000E+00
+3.1858000E-03,-203.6718779E-03,-1.1796875000E+00
+3.1860000E-03,-203.2812529E-03,-1.1914062500E+00
+3.1862000E-03,-198.9843779E-03,-1.1796875000E+00
+3.1864000E-03,-195.8593778E-03,-1.1796875000E+00
+3.1866000E-03,-196.2500028E-03,-1.1953125000E+00
+3.1868000E-03,-192.3437528E-03,-1.1796875000E+00
+3.1870000E-03,-187.6562527E-03,-1.1679687500E+00
+3.1872000E-03,-186.8750027E-03,-1.1835937500E+00
+3.1874000E-03,-185.3125027E-03,-1.1835937500E+00
+3.1876000E-03,-181.0156276E-03,-1.1757812500E+00
+3.1878000E-03,-176.7187525E-03,-1.1679687500E+00
+3.1880000E-03,-176.3281275E-03,-1.1835937500E+00
+3.1882000E-03,-173.5937525E-03,-1.1796875000E+00
+3.1884000E-03,-170.8593775E-03,-1.1835937500E+00
+3.1886000E-03,-167.3437524E-03,-1.1757812500E+00
+3.1888000E-03,-165.0000024E-03,-1.1835937500E+00
+3.1890000E-03,-164.2187524E-03,-1.1914062500E+00
+3.1892000E-03,-159.1406273E-03,-1.1718750000E+00
+3.1894000E-03,-157.5781273E-03,-1.1835937500E+00
+3.1896000E-03,-157.1875022E-03,-1.1953125000E+00
+3.1898000E-03,-152.5000022E-03,-1.1796875000E+00
+3.1900000E-03,-148.9843771E-03,-1.1718750000E+00
+3.1902000E-03,-147.8125021E-03,-1.1835937500E+00
+3.1904000E-03,-146.2500021E-03,-1.1835937500E+00
+3.1906000E-03,-143.5156270E-03,-1.1796875000E+00
+3.1908000E-03,-138.8281270E-03,-1.1679687500E+00
+3.1910000E-03,-138.0468770E-03,-1.1835937500E+00
+3.1912000E-03,-135.3125019E-03,-1.1757812500E+00
+3.1914000E-03,-132.5781269E-03,-1.1796875000E+00
+3.1916000E-03,-130.6250019E-03,-1.1835937500E+00
+3.1918000E-03,-127.5000018E-03,-1.1796875000E+00
+3.1920000E-03,-126.3281268E-03,-1.1875000000E+00
+3.1922000E-03,-122.0312517E-03,-1.1757812500E+00
+3.1924000E-03,-119.6875017E-03,-1.1757812500E+00
+3.1926000E-03,-118.1250017E-03,-1.1835937500E+00
+3.1928000E-03,-117.3437517E-03,-1.1914062500E+00
+3.1930000E-03,-112.2656266E-03,-1.1718750000E+00
+3.1932000E-03,-108.3593765E-03,-1.1679687500E+00
+3.1934000E-03,-109.5312515E-03,-1.1914062500E+00
+3.1936000E-03,-107.1875015E-03,-1.1875000000E+00
+3.1938000E-03,-102.1093764E-03,-1.1679687500E+00
+3.1940000E-03,-97.8125014E-03,-1.1679687500E+00
+3.1942000E-03,-98.5937514E-03,-1.1835937500E+00
+3.1944000E-03,-96.6406263E-03,-1.1835937500E+00
+3.1946000E-03,-91.9531263E-03,-1.1718750000E+00
+3.1948000E-03,-89.2187512E-03,-1.1757812500E+00
+3.1950000E-03,-88.0468762E-03,-1.1875000000E+00
+3.1952000E-03,-84.9218762E-03,-1.1796875000E+00
+3.1954000E-03,-81.4062511E-03,-1.1757812500E+00
+3.1956000E-03,-80.2343761E-03,-1.1875000000E+00
+3.1958000E-03,-76.7187510E-03,-1.1757812500E+00
+3.1960000E-03,-73.5937510E-03,-1.1757812500E+00
+3.1962000E-03,-71.2500010E-03,-1.1757812500E+00
+3.1964000E-03,-68.9062509E-03,-1.1796875000E+00
+3.1966000E-03,-66.5625009E-03,-1.1796875000E+00
+3.1968000E-03,-63.4375009E-03,-1.1796875000E+00
+3.1970000E-03,-61.4843758E-03,-1.1835937500E+00
+3.1972000E-03,-58.3593758E-03,-1.1796875000E+00
+3.1974000E-03,-55.6250007E-03,-1.1796875000E+00
+3.1976000E-03,-54.8437507E-03,-1.1914062500E+00
+3.1978000E-03,-51.7187507E-03,-1.1835937500E+00
+3.1980000E-03,-47.4218756E-03,-1.1718750000E+00
+3.1982000E-03,-44.2968756E-03,-1.1718750000E+00
+3.1984000E-03,-44.2968756E-03,-1.1875000000E+00
+3.1986000E-03,-41.1718755E-03,-1.1796875000E+00
+3.1988000E-03,-36.4843755E-03,-1.1679687500E+00
+3.1990000E-03,-35.3125004E-03,-1.1835937500E+00
+3.1992000E-03,-33.7500004E-03,-1.1875000000E+00
+3.1994000E-03,-29.0625003E-03,-1.1718750000E+00
+3.1996000E-03,-26.3281253E-03,-1.1796875000E+00
+3.1998000E-03,-28.2812503E-03,-1.2031250000E+00
+3.2000000E-03,-23.2031253E-03,-1.1835937500E+00
+3.2002000E-03,-18.5156252E-03,-1.1679687500E+00
+3.2004000E-03,-18.1250002E-03,-1.1835937500E+00
+3.2006000E-03,-18.9062502E-03,-1.1992187500E+00
+3.2008000E-03,-13.0468751E-03,-1.1640625000E+00
+3.2010000E-03,-8.7500000E-03,-1.1601562500E+00
+3.2012000E-03,-9.1406250E-03,-1.1835937500E+00
+3.2014000E-03,-9.1406250E-03,-1.1875000000E+00
+3.2016000E-03,-2.8906249E-03,-1.1601562500E+00
+3.2018000E-03,+1.4062501E-03,-1.1562500000E+00
+3.2020000E-03,-1.7187499E-03,-1.1992187500E+00
+3.2022000E-03,-546.8749E-06,-1.1953125000E+00
+3.2024000E-03,+7.2656252E-03,-1.1562500000E+00
+3.2026000E-03,+10.3906252E-03,-1.1718750000E+00
+3.2028000E-03,+6.4843752E-03,-1.2031250000E+00
+3.2030000E-03,+10.7812503E-03,-1.1835937500E+00
+3.2032000E-03,+15.4687503E-03,-1.1679687500E+00
+3.2034000E-03,+17.0312503E-03,-1.1796875000E+00
+3.2036000E-03,+17.8125004E-03,-1.1875000000E+00
+3.2038000E-03,+22.1093754E-03,-1.1679687500E+00
+3.2040000E-03,+24.4531255E-03,-1.1757812500E+00
+3.2042000E-03,+26.4062505E-03,-1.1718750000E+00
+3.2044000E-03,+27.9687505E-03,-1.1835937500E+00
+3.2046000E-03,+30.7031256E-03,-1.1757812500E+00
+3.2048000E-03,+35.0000006E-03,-1.1679687500E+00
+3.2050000E-03,+36.5625006E-03,-1.1796875000E+00
+3.2052000E-03,+38.5156257E-03,-1.1796875000E+00
+3.2054000E-03,+41.2500007E-03,-1.1796875000E+00
+3.2056000E-03,+43.2031257E-03,-1.1835937500E+00
+3.2058000E-03,+47.8906258E-03,-1.1718750000E+00
+3.2060000E-03,+48.6718758E-03,-1.1796875000E+00
+3.2062000E-03,+51.0156259E-03,-1.1796875000E+00
+3.2064000E-03,+51.7968759E-03,-1.1914062500E+00
+3.2066000E-03,+56.0937509E-03,-1.1757812500E+00
+3.2068000E-03,+60.3906260E-03,-1.1718750000E+00
+3.2070000E-03,+61.5625010E-03,-1.1757812500E+00
+3.2072000E-03,+62.3437510E-03,-1.1835937500E+00
+3.2074000E-03,+65.8593761E-03,-1.1718750000E+00
+3.2076000E-03,+69.7656261E-03,-1.1718750000E+00
+3.2078000E-03,+73.6718762E-03,-1.1640625000E+00
+3.2080000E-03,+75.2343762E-03,-1.1718750000E+00
+3.2082000E-03,+75.6250012E-03,-1.1875000000E+00
+3.2084000E-03,+79.1406263E-03,-1.1796875000E+00
+3.2086000E-03,+84.2187513E-03,-1.1679687500E+00
+3.2088000E-03,+86.5625014E-03,-1.1757812500E+00
+3.2090000E-03,+85.7812514E-03,-1.1914062500E+00
+3.2092000E-03,+89.2968764E-03,-1.1796875000E+00
+3.2094000E-03,+93.2031265E-03,-1.1718750000E+00
+3.2096000E-03,+95.1562515E-03,-1.1796875000E+00
+3.2098000E-03,+97.1093765E-03,-1.1796875000E+00
+3.2100000E-03,+99.0625016E-03,-1.1757812500E+00
+3.2102000E-03,+102.1875016E-03,-1.1718750000E+00
+3.2104000E-03,+104.9218767E-03,-1.1718750000E+00
+3.2106000E-03,+106.4843767E-03,-1.1757812500E+00
+3.2108000E-03,+109.2187517E-03,-1.1718750000E+00
+3.2110000E-03,+112.7343768E-03,-1.1679687500E+00
+3.2112000E-03,+114.6875018E-03,-1.1757812500E+00
+3.2114000E-03,+116.6406268E-03,-1.1796875000E+00
+3.2116000E-03,+119.3750019E-03,-1.1796875000E+00
+3.2118000E-03,+122.5000019E-03,-1.1796875000E+00
+3.2120000E-03,+124.0625019E-03,-1.1875000000E+00
+3.2122000E-03,+127.5781270E-03,-1.1835937500E+00
+3.2124000E-03,+129.9218770E-03,-1.1835937500E+00
+3.2126000E-03,+131.4843771E-03,-1.1875000000E+00
+3.2128000E-03,+134.6093771E-03,-1.1835937500E+00
+3.2130000E-03,+137.7343771E-03,-1.1796875000E+00
+3.2132000E-03,+139.2968772E-03,-1.1875000000E+00
+3.2134000E-03,+141.2500022E-03,-1.1835937500E+00
+3.2136000E-03,+145.1562523E-03,-1.1718750000E+00
+3.2138000E-03,+148.2812523E-03,-1.1718750000E+00
+3.2140000E-03,+149.0625023E-03,-1.1835937500E+00
+3.2142000E-03,+152.5781274E-03,-1.1718750000E+00
+3.2144000E-03,+156.8750024E-03,-1.1640625000E+00
+3.2146000E-03,+158.4375025E-03,-1.1796875000E+00
+3.2148000E-03,+159.6093775E-03,-1.1796875000E+00
+3.2150000E-03,+161.9531275E-03,-1.1835937500E+00
+3.2152000E-03,+167.4218776E-03,-1.1679687500E+00
+3.2154000E-03,+167.8125026E-03,-1.1914062500E+00
+3.2156000E-03,+167.8125026E-03,-1.2031250000E+00
+3.2158000E-03,+174.0625027E-03,-1.1718750000E+00
+3.2160000E-03,+178.3593778E-03,-1.1679687500E+00
+3.2162000E-03,+177.5781277E-03,-1.1875000000E+00
+3.2164000E-03,+178.7500028E-03,-1.1914062500E+00
+3.2166000E-03,+186.5625029E-03,-1.1523437500E+00
+3.2168000E-03,+185.7812529E-03,-1.1875000000E+00
+3.2170000E-03,+187.7343779E-03,-1.1835937500E+00
+3.2172000E-03,+193.2031280E-03,-1.1640625000E+00
+3.2174000E-03,+194.7656280E-03,-1.1757812500E+00
+3.2176000E-03,+195.5468780E-03,-1.1914062500E+00
+3.2178000E-03,+199.4531281E-03,-1.1796875000E+00
+3.2180000E-03,+203.3593781E-03,-1.1757812500E+00
+3.2182000E-03,+204.9218781E-03,-1.1835937500E+00
+3.2184000E-03,+205.3125032E-03,-1.1875000000E+00
+3.2186000E-03,+209.6093782E-03,-1.1757812500E+00
+3.2188000E-03,+211.9531283E-03,-1.1796875000E+00
+3.2190000E-03,+216.2500033E-03,-1.1640625000E+00
+3.2192000E-03,+215.8593783E-03,-1.1875000000E+00
+3.2194000E-03,+218.5937534E-03,-1.1757812500E+00
+3.2196000E-03,+223.6718784E-03,-1.1679687500E+00
+3.2198000E-03,+222.8906284E-03,-1.1875000000E+00
+3.2200000E-03,+227.9687535E-03,-1.1640625000E+00
+3.2202000E-03,+229.9218785E-03,-1.1757812500E+00
+3.2204000E-03,+231.8750035E-03,-1.1796875000E+00
+3.2206000E-03,+233.4375036E-03,-1.1835937500E+00
+3.2208000E-03,+239.2968787E-03,-1.1601562500E+00
+3.2210000E-03,+239.6875037E-03,-1.1835937500E+00
+3.2212000E-03,+241.2500037E-03,-1.1835937500E+00
+3.2214000E-03,+245.1562537E-03,-1.1757812500E+00
+3.2216000E-03,+248.2812538E-03,-1.1757812500E+00
+3.2218000E-03,+249.4531288E-03,-1.1835937500E+00
+3.2220000E-03,+252.5781289E-03,-1.1757812500E+00
+3.2222000E-03,+254.5312539E-03,-1.1796875000E+00
+3.2224000E-03,+257.6562539E-03,-1.1718750000E+00
+3.2226000E-03,+260.0000040E-03,-1.1757812500E+00
+3.2228000E-03,+262.3437540E-03,-1.1757812500E+00
+3.2230000E-03,+265.0781290E-03,-1.1757812500E+00
+3.2232000E-03,+266.2500041E-03,-1.1835937500E+00
+3.2234000E-03,+270.5468791E-03,-1.1679687500E+00
+3.2236000E-03,+272.5000042E-03,-1.1835937500E+00
+3.2238000E-03,+274.8437542E-03,-1.1757812500E+00
+3.2240000E-03,+277.5781292E-03,-1.1757812500E+00
+3.2242000E-03,+279.9218793E-03,-1.1757812500E+00
+3.2244000E-03,+282.6562543E-03,-1.1757812500E+00
+3.2246000E-03,+283.0468793E-03,-1.1914062500E+00
+3.2248000E-03,+288.1250044E-03,-1.1679687500E+00
+3.2250000E-03,+290.4687544E-03,-1.1796875000E+00
+3.2252000E-03,+292.0312544E-03,-1.1835937500E+00
+3.2254000E-03,+293.2031295E-03,-1.1914062500E+00
+3.2256000E-03,+296.7187545E-03,-1.1835937500E+00
+3.2258000E-03,+300.2343796E-03,-1.1796875000E+00
+3.2260000E-03,+301.7968796E-03,-1.1796875000E+00
+3.2262000E-03,+303.7500046E-03,-1.1835937500E+00
+3.2264000E-03,+305.3125046E-03,-1.1875000000E+00
+3.2266000E-03,+308.4375047E-03,-1.1757812500E+00
+3.2268000E-03,+311.5625047E-03,-1.1757812500E+00
+3.2270000E-03,+315.0781298E-03,-1.1679687500E+00
+3.2272000E-03,+315.0781298E-03,-1.1835937500E+00
+3.2274000E-03,+316.6406298E-03,-1.1875000000E+00
+3.2276000E-03,+322.8906299E-03,-1.1601562500E+00
+3.2278000E-03,+325.2343799E-03,-1.1757812500E+00
+3.2280000E-03,+324.0625049E-03,-1.1953125000E+00
+3.2282000E-03,+327.1875050E-03,-1.1796875000E+00
+3.2284000E-03,+333.8281301E-03,-1.1601562500E+00
+3.2286000E-03,+334.2187551E-03,-1.1796875000E+00
+3.2288000E-03,+333.8281301E-03,-1.1992187500E+00
+3.2290000E-03,+338.9062551E-03,-1.1718750000E+00
+3.2292000E-03,+343.5937552E-03,-1.1679687500E+00
+3.2294000E-03,+343.2031302E-03,-1.1875000000E+00
+3.2296000E-03,+345.9375052E-03,-1.1796875000E+00
+3.2298000E-03,+349.4531303E-03,-1.1757812500E+00
+3.2300000E-03,+353.3593804E-03,-1.1679687500E+00
+3.2302000E-03,+352.1875053E-03,-1.1953125000E+00
+3.2304000E-03,+356.8750054E-03,-1.1757812500E+00
+3.2306000E-03,+361.1718805E-03,-1.1679687500E+00
+3.2308000E-03,+360.3906305E-03,-1.1914062500E+00
+3.2310000E-03,+363.1250055E-03,-1.1835937500E+00
+3.2312000E-03,+367.4218806E-03,-1.1718750000E+00
+3.2314000E-03,+368.9843806E-03,-1.1796875000E+00
+3.2316000E-03,+370.5468806E-03,-1.1835937500E+00
+3.2318000E-03,+373.6718807E-03,-1.1757812500E+00
+3.2320000E-03,+376.7968807E-03,-1.1757812500E+00
+3.2322000E-03,+378.7500057E-03,-1.1796875000E+00
+3.2324000E-03,+379.9218808E-03,-1.1835937500E+00
+3.2326000E-03,+385.0000058E-03,-1.1679687500E+00
+3.2328000E-03,+387.7343809E-03,-1.1718750000E+00
+3.2330000E-03,+388.9062559E-03,-1.1796875000E+00
+3.2332000E-03,+390.0781309E-03,-1.1835937500E+00
+3.2334000E-03,+393.9843810E-03,-1.1796875000E+00
+3.2336000E-03,+395.9375060E-03,-1.1835937500E+00
+3.2338000E-03,+399.8437561E-03,-1.1718750000E+00
+3.2340000E-03,+403.7500061E-03,-1.1640625000E+00
+3.2342000E-03,+401.0156311E-03,-1.2031250000E+00
+3.2344000E-03,+406.0937561E-03,-1.1718750000E+00
+3.2346000E-03,+413.1250062E-03,-1.1523437500E+00
+3.2348000E-03,+411.9531312E-03,-1.1875000000E+00
+3.2350000E-03,+411.1718812E-03,-1.1953125000E+00
+3.2352000E-03,+418.2031313E-03,-1.1640625000E+00
+3.2354000E-03,+421.7187564E-03,-1.1679687500E+00
+3.2356000E-03,+419.7656313E-03,-1.1953125000E+00
+3.2358000E-03,+423.6718814E-03,-1.1796875000E+00
+3.2360000E-03,+425.6250064E-03,-1.1835937500E+00
+3.2362000E-03,+431.4843815E-03,-1.1640625000E+00
+3.2364000E-03,+431.0937565E-03,-1.1875000000E+00
+3.2366000E-03,+434.2187566E-03,-1.1757812500E+00
+3.2368000E-03,+434.6093816E-03,-1.1875000000E+00
+3.2370000E-03,+440.8593817E-03,-1.1601562500E+00
+3.2372000E-03,+442.4218817E-03,-1.1757812500E+00
+3.2374000E-03,+442.8125067E-03,-1.1835937500E+00
+3.2376000E-03,+447.5000068E-03,-1.1718750000E+00
+3.2378000E-03,+449.4531318E-03,-1.1796875000E+00
+3.2380000E-03,+450.6250068E-03,-1.1914062500E+00
+3.2382000E-03,+455.3125069E-03,-1.1757812500E+00
+3.2384000E-03,+458.0468819E-03,-1.1796875000E+00
+3.2386000E-03,+458.8281319E-03,-1.1953125000E+00
+3.2388000E-03,+460.7812570E-03,-1.1953125000E+00
+3.2390000E-03,+465.8593820E-03,-1.1796875000E+00
+3.2392000E-03,+467.4218821E-03,-1.1875000000E+00
+3.2394000E-03,+468.5937571E-03,-1.1914062500E+00
+3.2396000E-03,+470.5468821E-03,-1.1875000000E+00
+3.2398000E-03,+473.6718822E-03,-1.1875000000E+00
+3.2400000E-03,+476.0156322E-03,-1.1718750000E+00
+3.2402000E-03,+467.4218821E-03,-1.1093749999E+00
+3.2404000E-03,+459.2187569E-03,-863.2812499E-03
+3.2406000E-03,+454.1406319E-03,-445.3124998E-03
+3.2408000E-03,+450.6250068E-03,+82.0312502E-03
+3.2410000E-03,+445.9375067E-03,+707.0312502E-03
+3.2412000E-03,+442.4218817E-03,+1.3828125002E+00
+3.2414000E-03,+438.9062566E-03,+2.0820312502E+00
+3.2416000E-03,+436.5625066E-03,+2.7773437502E+00
+3.2418000E-03,+434.2187566E-03,+3.4296875002E+00
+3.2420000E-03,+426.7968815E-03,+4.0039062502E+00
+3.2422000E-03,+422.5000064E-03,+4.5585937501E+00
+3.2424000E-03,+417.4218813E-03,+5.0195312501E+00
+3.2426000E-03,+411.9531312E-03,+5.3945312501E+00
+3.2428000E-03,+402.9687561E-03,+5.6875000001E+00
+3.2430000E-03,+392.0312559E-03,+5.8867187501E+00
+3.2432000E-03,+388.5156309E-03,+6.0703125000E+00
+3.2434000E-03,+377.9687557E-03,+6.1289062500E+00
+3.2436000E-03,+365.4687555E-03,+6.1367187500E+00
+3.2438000E-03,+354.5312554E-03,+6.1054687500E+00
+3.2440000E-03,+347.5000053E-03,+6.0585937500E+00
+3.2442000E-03,+333.4375051E-03,+5.9375000000E+00
+3.2444000E-03,+321.7187549E-03,+5.8281250000E+00
+3.2446000E-03,+311.1718797E-03,+5.7031250000E+00
+3.2448000E-03,+300.6250046E-03,+5.5742187500E+00
+3.2450000E-03,+288.5156294E-03,+5.4375000000E+00
+3.2452000E-03,+277.9687542E-03,+5.3242187500E+00
+3.2454000E-03,+268.2031291E-03,+5.2148437500E+00
+3.2456000E-03,+255.7031289E-03,+5.1171875000E+00
+3.2458000E-03,+245.1562537E-03,+5.0351562500E+00
+3.2460000E-03,+232.2656286E-03,+4.9570312500E+00
+3.2462000E-03,+224.0625034E-03,+4.9179687500E+00
+3.2464000E-03,+212.3437533E-03,+4.8710937500E+00
+3.2466000E-03,+201.7968781E-03,+4.8554687500E+00
+3.2468000E-03,+190.4687529E-03,+4.8359375000E+00
+3.2470000E-03,+181.4843778E-03,+4.8398437500E+00
+3.2472000E-03,+169.7656276E-03,+4.8320312500E+00
+3.2474000E-03,+160.0000025E-03,+4.8554687500E+00
+3.2476000E-03,+151.4062523E-03,+4.8789062500E+00
+3.2478000E-03,+140.0781272E-03,+4.8906250000E+00
+3.2480000E-03,+128.3593770E-03,+4.9023437500E+00
+3.2482000E-03,+119.7656269E-03,+4.9375000000E+00
+3.2484000E-03,+110.3906267E-03,+4.9570312500E+00
+3.2486000E-03,+101.4062516E-03,+4.9882812500E+00
+3.2488000E-03,+91.6406265E-03,+5.0039062500E+00
+3.2490000E-03,+80.3125013E-03,+5.0156250000E+00
+3.2492000E-03,+69.7656261E-03,+5.0351562500E+00
+3.2494000E-03,+61.9531260E-03,+5.0625000000E+00
+3.2496000E-03,+51.0156258E-03,+5.0625000000E+00
+3.2498000E-03,+38.9062507E-03,+5.0585937500E+00
+3.2500000E-03,+31.0937506E-03,+5.0781250000E+00
+3.2502000E-03,+21.3281254E-03,+5.0742187500E+00
+3.2504000E-03,+9.6093752E-03,+5.0625000000E+00
+3.2506000E-03,+2.5781251E-03,+5.0820312500E+00
+3.2508000E-03,-5.2343750E-03,+5.0859375000E+00
+3.2510000E-03,-18.1250002E-03,+5.0585937500E+00
+3.2512000E-03,-27.1093753E-03,+5.0664062500E+00
+3.2514000E-03,-36.0937504E-03,+5.0664062500E+00
+3.2516000E-03,-46.2500006E-03,+5.0585937500E+00
+3.2518000E-03,-57.9687508E-03,+5.0468750000E+00
+3.2520000E-03,-68.1250009E-03,+5.0468750000E+00
+3.2522000E-03,-78.6718761E-03,+5.0429687500E+00
+3.2524000E-03,-88.0468762E-03,+5.0468750000E+00
+3.2526000E-03,-99.3750014E-03,+5.0390625000E+00
+3.2528000E-03,-109.9218765E-03,+5.0390625000E+00
+3.2530000E-03,-118.1250017E-03,+5.0507812500E+00
+3.2532000E-03,-129.4531268E-03,+5.0390625000E+00
+3.2534000E-03,-138.8281270E-03,+5.0429687500E+00
+3.2536000E-03,-148.9843771E-03,+5.0429687500E+00
+3.2538000E-03,-158.3593773E-03,+5.0468750000E+00
+3.2540000E-03,-169.6875024E-03,+5.0390625000E+00
+3.2542000E-03,-180.6250026E-03,+5.0390625000E+00
+3.2544000E-03,-188.4375027E-03,+5.0546875000E+00
+3.2546000E-03,-199.7656279E-03,+5.0468750000E+00
+3.2548000E-03,-211.8750031E-03,+5.0351562500E+00
+3.2550000E-03,-219.6875032E-03,+5.0625000000E+00
+3.2552000E-03,-230.6250033E-03,+5.0507812500E+00
+3.2554000E-03,-243.5156285E-03,+5.0429687500E+00
+3.2556000E-03,-251.7187537E-03,+5.0546875000E+00
+3.2558000E-03,-260.7031288E-03,+5.0585937500E+00
+3.2560000E-03,-272.8125040E-03,+5.0468750000E+00
+3.2562000E-03,-284.5312541E-03,+5.0390625000E+00
+3.2564000E-03,-291.5625043E-03,+5.0664062500E+00
+3.2566000E-03,-301.3281294E-03,+5.0625000000E+00
+3.2568000E-03,-312.2656296E-03,+5.0585937500E+00
+3.2570000E-03,-323.9843797E-03,+5.0468750000E+00
+3.2572000E-03,-331.7968799E-03,+5.0664062500E+00
+3.2574000E-03,-340.0000050E-03,+5.0703125000E+00
+3.2576000E-03,-351.3281301E-03,+5.0625000000E+00
+3.2578000E-03,-363.0468803E-03,+5.0585937500E+00
+3.2580000E-03,-370.4687554E-03,+5.0742187500E+00
+3.2582000E-03,-381.7968806E-03,+5.0625000000E+00
+3.2584000E-03,-391.9531308E-03,+5.0664062500E+00
+3.2586000E-03,-401.3281309E-03,+5.0742187500E+00
+3.2588000E-03,-410.3125060E-03,+5.0742187500E+00
+3.2590000E-03,-422.4218812E-03,+5.0625000000E+00
+3.2592000E-03,-432.9687564E-03,+5.0664062500E+00
+3.2594000E-03,-440.7812565E-03,+5.0820312500E+00
+3.2596000E-03,-453.6718817E-03,+5.0625000000E+00
+3.2598000E-03,-463.4375068E-03,+5.0742187500E+00
+3.2600000E-03,-472.4218819E-03,+5.0703125000E+00
+3.2602000E-03,-472.4218819E-03,+5.0039062499E+00
+3.2604000E-03,-472.4218819E-03,+4.7695312499E+00
+3.2606000E-03,-473.5937570E-03,+4.3710937498E+00
+3.2608000E-03,-476.7187570E-03,+3.8320312498E+00
+3.2610000E-03,-480.6250071E-03,+3.2148437498E+00
+3.2612000E-03,-485.3125071E-03,+2.5429687497E+00
+3.2614000E-03,-487.2656322E-03,+1.8554687497E+00
+3.2616000E-03,-490.7812572E-03,+1.1601562497E+00
+3.2618000E-03,-497.8125073E-03,+480.4687498E-03
+3.2620000E-03,-501.3281324E-03,-109.3750002E-03
+3.2622000E-03,-500.1562574E-03,-625.0000002E-03
+3.2624000E-03,-502.1093824E-03,-1.1015625002E+00
+3.2626000E-03,-506.4062575E-03,-1.5117187501E+00
+3.2628000E-03,-508.3593825E-03,-1.8359375001E+00
+3.2630000E-03,-503.2812574E-03,-2.0351562501E+00
+3.2632000E-03,-502.1093824E-03,-2.1992187500E+00
+3.2634000E-03,-504.0625074E-03,-2.3046875000E+00
+3.2636000E-03,-500.9375074E-03,-2.3125000000E+00
+3.2638000E-03,-495.0781323E-03,-2.2734375000E+00
+3.2640000E-03,-494.6875073E-03,-2.2343750000E+00
+3.2642000E-03,-489.2187572E-03,-2.1171875000E+00
+3.2644000E-03,-486.4843822E-03,-2.0156249999E+00
+3.2646000E-03,-481.4062571E-03,-1.8750000000E+00
+3.2648000E-03,-479.8437571E-03,-1.7617187499E+00
+3.2650000E-03,-473.5937570E-03,-1.6054687500E+00
+3.2652000E-03,-471.6406319E-03,-1.5039062500E+00
+3.2654000E-03,-466.5625069E-03,-1.3750000000E+00
+3.2656000E-03,-463.0468818E-03,-1.2773437500E+00
+3.2658000E-03,-460.3125068E-03,-1.1914062500E+00
+3.2660000E-03,-456.4062567E-03,-1.1171875000E+00
+3.2662000E-03,-453.6718817E-03,-1.0625000000E+00
+3.2664000E-03,-450.5468816E-03,-1.0234375000E+00
+3.2666000E-03,-447.4218816E-03,-988.2812500E-03
+3.2668000E-03,-442.7343815E-03,-960.9375000E-03
+3.2670000E-03,-443.9062565E-03,-984.3750000E-03
+3.2672000E-03,-441.9531315E-03,-984.3750000E-03
+3.2674000E-03,-434.5312564E-03,-964.8437500E-03
+3.2676000E-03,-432.5781314E-03,-996.0937500E-03
+3.2678000E-03,-434.1406314E-03,-1.0390625000E+00
+3.2680000E-03,-431.4062563E-03,-1.0546875000E+00
+3.2682000E-03,-425.9375063E-03,-1.0625000000E+00
+3.2684000E-03,-424.7656312E-03,-1.1015625000E+00
+3.2686000E-03,-422.0312562E-03,-1.1132812500E+00
+3.2688000E-03,-420.8593812E-03,-1.1406250000E+00
+3.2690000E-03,-418.5156311E-03,-1.1562500000E+00
+3.2692000E-03,-415.3906311E-03,-1.1679687500E+00
+3.2694000E-03,-412.2656310E-03,-1.1757812500E+00
+3.2696000E-03,-410.7031310E-03,-1.1953125000E+00
+3.2698000E-03,-407.9687560E-03,-1.1992187500E+00
+3.2700000E-03,-406.4062560E-03,-1.2148437500E+00
+3.2702000E-03,-404.4531309E-03,-1.2187500000E+00
+3.2704000E-03,-399.7656309E-03,-1.2070312500E+00
+3.2706000E-03,-397.4218808E-03,-1.2109375000E+00
+3.2708000E-03,-397.0312558E-03,-1.2226562500E+00
+3.2710000E-03,-393.9062558E-03,-1.2070312500E+00
+3.2712000E-03,-389.6093807E-03,-1.1953125000E+00
+3.2714000E-03,-387.2656307E-03,-1.1953125000E+00
+3.2716000E-03,-385.3125056E-03,-1.1953125000E+00
+3.2718000E-03,-382.9687556E-03,-1.1914062500E+00
+3.2720000E-03,-379.8437556E-03,-1.1875000000E+00
+3.2722000E-03,-377.1093805E-03,-1.1796875000E+00
+3.2724000E-03,-374.3750055E-03,-1.1796875000E+00
+3.2726000E-03,-371.6406304E-03,-1.1718750000E+00
+3.2728000E-03,-370.8593804E-03,-1.1835937500E+00
+3.2730000E-03,-368.9062554E-03,-1.1796875000E+00
+3.2732000E-03,-363.4375053E-03,-1.1640625000E+00
+3.2734000E-03,-361.0937553E-03,-1.1679687500E+00
+3.2736000E-03,-359.5312553E-03,-1.1679687500E+00
+3.2738000E-03,-359.1406303E-03,-1.1835937500E+00
+3.2740000E-03,-354.4531302E-03,-1.1601562500E+00
+3.2742000E-03,-350.5468801E-03,-1.1640625000E+00
+3.2744000E-03,-349.7656301E-03,-1.1679687500E+00
+3.2746000E-03,-347.8125051E-03,-1.1718750000E+00
+3.2748000E-03,-345.4687551E-03,-1.1718750000E+00
+3.2750000E-03,-340.0000050E-03,-1.1562500000E+00
+3.2752000E-03,-340.0000050E-03,-1.1757812500E+00
+3.2754000E-03,-336.4843799E-03,-1.1679687500E+00
+3.2756000E-03,-334.9218799E-03,-1.1796875000E+00
+3.2758000E-03,-332.5781299E-03,-1.1796875000E+00
+3.2760000E-03,-330.2343798E-03,-1.1835937500E+00
+3.2762000E-03,-327.5000048E-03,-1.1796875000E+00
+3.2764000E-03,-324.7656297E-03,-1.1835937500E+00
+3.2766000E-03,-323.5937547E-03,-1.1875000000E+00
+3.2768000E-03,-320.0781297E-03,-1.1757812500E+00
+3.2770000E-03,-317.7343796E-03,-1.1796875000E+00
+3.2772000E-03,-315.3906296E-03,-1.1835937500E+00
+3.2774000E-03,-311.8750046E-03,-1.1757812500E+00
+3.2776000E-03,-309.9218795E-03,-1.1796875000E+00
+3.2778000E-03,-307.9687545E-03,-1.1835937500E+00
+3.2780000E-03,-304.8437544E-03,-1.1835937500E+00
+3.2782000E-03,-302.5000044E-03,-1.1875000000E+00
+3.2784000E-03,-299.3750044E-03,-1.1835937500E+00
+3.2786000E-03,-298.2031293E-03,-1.1953125000E+00
+3.2788000E-03,-295.0781293E-03,-1.1875000000E+00
+3.2790000E-03,-291.5625043E-03,-1.1796875000E+00
+3.2792000E-03,-289.2187542E-03,-1.1796875000E+00
+3.2794000E-03,-288.4375042E-03,-1.1875000000E+00
+3.2796000E-03,-284.1406291E-03,-1.1718750000E+00
+3.2798000E-03,-282.1875041E-03,-1.1757812500E+00
+3.2800000E-03,-279.8437541E-03,-1.1796875000E+00
+3.2802000E-03,-277.1093790E-03,-1.1757812500E+00
+3.2804000E-03,-273.5937540E-03,-1.1718750000E+00
+3.2806000E-03,-272.4218790E-03,-1.1835937500E+00
+3.2808000E-03,-269.6875039E-03,-1.1796875000E+00
+3.2810000E-03,-265.7812539E-03,-1.1718750000E+00
+3.2812000E-03,-263.0468788E-03,-1.1757812500E+00
+3.2814000E-03,-261.8750038E-03,-1.1796875000E+00
+3.2816000E-03,-259.1406288E-03,-1.1757812500E+00
+3.2818000E-03,-256.4062537E-03,-1.1796875000E+00
+3.2820000E-03,-254.4531287E-03,-1.1835937500E+00
+3.2822000E-03,-251.3281287E-03,-1.1796875000E+00
+3.2824000E-03,-248.5937536E-03,-1.1796875000E+00
+3.2826000E-03,-247.4218786E-03,-1.1875000000E+00
+3.2828000E-03,-243.5156285E-03,-1.1757812500E+00
+3.2830000E-03,-241.5625035E-03,-1.1835937500E+00
+3.2832000E-03,-238.4375035E-03,-1.1796875000E+00
+3.2834000E-03,-236.0937534E-03,-1.1757812500E+00
+3.2836000E-03,-232.9687534E-03,-1.1757812500E+00
+3.2838000E-03,-231.7968784E-03,-1.1835937500E+00
+3.2840000E-03,-229.0625033E-03,-1.1875000000E+00
+3.2842000E-03,-223.2031282E-03,-1.1640625000E+00
+3.2844000E-03,-222.0312532E-03,-1.1796875000E+00
+3.2846000E-03,-221.6406282E-03,-1.1914062500E+00
+3.2848000E-03,-217.7343781E-03,-1.1796875000E+00
+3.2850000E-03,-213.0468781E-03,-1.1679687500E+00
+3.2852000E-03,-211.8750031E-03,-1.1835937500E+00
+3.2854000E-03,-209.5312530E-03,-1.1796875000E+00
+3.2856000E-03,-207.5781280E-03,-1.1875000000E+00
+3.2858000E-03,-204.4531280E-03,-1.1796875000E+00
+3.2860000E-03,-201.7187529E-03,-1.1796875000E+00
+3.2862000E-03,-199.7656279E-03,-1.1796875000E+00
+3.2864000E-03,-197.4218778E-03,-1.1796875000E+00
+3.2866000E-03,-194.2968778E-03,-1.1757812500E+00
+3.2868000E-03,-191.1718778E-03,-1.1679687500E+00
+3.2870000E-03,-189.6093777E-03,-1.1796875000E+00
+3.2872000E-03,-187.6562527E-03,-1.1796875000E+00
+3.2874000E-03,-182.5781276E-03,-1.1640625000E+00
+3.2876000E-03,-181.4062526E-03,-1.1796875000E+00
+3.2878000E-03,-180.2343776E-03,-1.1835937500E+00
+3.2880000E-03,-176.3281275E-03,-1.1757812500E+00
+3.2882000E-03,-171.6406275E-03,-1.1679687500E+00
+3.2884000E-03,-171.6406275E-03,-1.1875000000E+00
+3.2886000E-03,-168.9062524E-03,-1.1796875000E+00
+3.2888000E-03,-166.5625024E-03,-1.1875000000E+00
+3.2890000E-03,-161.8750023E-03,-1.1718750000E+00
+3.2892000E-03,-159.9218773E-03,-1.1796875000E+00
+3.2894000E-03,-158.7500023E-03,-1.1835937500E+00
+3.2896000E-03,-154.8437522E-03,-1.1757812500E+00
+3.2898000E-03,-152.8906272E-03,-1.1835937500E+00
+3.2900000E-03,-150.9375022E-03,-1.1875000000E+00
+3.2902000E-03,-146.2500021E-03,-1.1718750000E+00
+3.2904000E-03,-144.2968771E-03,-1.1796875000E+00
+3.2906000E-03,-144.2968771E-03,-1.1914062500E+00
+3.2908000E-03,-140.7812520E-03,-1.1875000000E+00
+3.2910000E-03,-137.2656270E-03,-1.1796875000E+00
+3.2912000E-03,-134.1406269E-03,-1.1796875000E+00
+3.2914000E-03,-132.9687519E-03,-1.1835937500E+00
+3.2916000E-03,-131.0156269E-03,-1.1835937500E+00
+3.2918000E-03,-128.6718768E-03,-1.1835937500E+00
+3.2920000E-03,-123.9843768E-03,-1.1718750000E+00
+3.2922000E-03,-123.9843768E-03,-1.1875000000E+00
+3.2924000E-03,-120.8593767E-03,-1.1757812500E+00
+3.2926000E-03,-117.7343767E-03,-1.1757812500E+00
+3.2928000E-03,-114.6093766E-03,-1.1718750000E+00
+3.2930000E-03,-114.6093766E-03,-1.1953125000E+00
+3.2932000E-03,-111.0937516E-03,-1.1796875000E+00
+3.2934000E-03,-104.4531265E-03,-1.1562500000E+00
+3.2936000E-03,-106.4062515E-03,-1.1875000000E+00
+3.2938000E-03,-104.4531265E-03,-1.1835937500E+00
+3.2940000E-03,-100.1562514E-03,-1.1679687500E+00
+3.2942000E-03,-95.0781263E-03,-1.1679687500E+00
+3.2944000E-03,-97.4218764E-03,-1.1953125000E+00
+3.2946000E-03,-93.1250013E-03,-1.1796875000E+00
+3.2948000E-03,-88.0468762E-03,-1.1718750000E+00
+3.2950000E-03,-85.7031262E-03,-1.1757812500E+00
+3.2952000E-03,-84.9218762E-03,-1.1875000000E+00
+3.2954000E-03,-82.9687511E-03,-1.1835937500E+00
+3.2956000E-03,-78.2812511E-03,-1.1718750000E+00
+3.2958000E-03,-75.1562510E-03,-1.1757812500E+00
+3.2960000E-03,-75.1562510E-03,-1.1914062500E+00
+3.2962000E-03,-72.8125010E-03,-1.1914062500E+00
+3.2964000E-03,-67.3437509E-03,-1.1679687500E+00
+3.2966000E-03,-65.3906259E-03,-1.1796875000E+00
+3.2968000E-03,-66.5625009E-03,-1.2031250000E+00
+3.2970000E-03,-61.0937508E-03,-1.1718750000E+00
+3.2972000E-03,-55.6250007E-03,-1.1601562500E+00
+3.2974000E-03,-56.4062507E-03,-1.1875000000E+00
+3.2976000E-03,-56.4062507E-03,-1.1914062500E+00
+3.2978000E-03,-49.3750006E-03,-1.1640625000E+00
+3.2980000E-03,-46.2500006E-03,-1.1718750000E+00
+3.2982000E-03,-46.6406256E-03,-1.1875000000E+00
+3.2984000E-03,-43.9062506E-03,-1.1835937500E+00
+3.2986000E-03,-39.2187505E-03,-1.1718750000E+00
+3.2988000E-03,-38.8281255E-03,-1.1914062500E+00
+3.2990000E-03,-35.3125004E-03,-1.1796875000E+00
+3.2992000E-03,-33.3593754E-03,-1.1835937500E+00
+3.2994000E-03,-31.4062504E-03,-1.1835937500E+00
+3.2996000E-03,-27.5000003E-03,-1.1718750000E+00
+3.2998000E-03,-26.3281253E-03,-1.1796875000E+00
+3.3000000E-03,-23.5937503E-03,-1.1718750000E+00
+3.3002000E-03,-20.0781252E-03,-1.1718750000E+00
+3.3004000E-03,-18.1250002E-03,-1.1718750000E+00
+3.3006000E-03,-16.9531252E-03,-1.1796875000E+00
+3.3008000E-03,-12.6562501E-03,-1.1640625000E+00
+3.3010000E-03,-10.3125001E-03,-1.1679687500E+00
+3.3012000E-03,-9.5312500E-03,-1.1796875000E+00
+3.3014000E-03,-6.4062500E-03,-1.1718750000E+00
+3.3016000E-03,-3.2812500E-03,-1.1718750000E+00
+3.3018000E-03,-3.2812500E-03,-1.1875000000E+00
+3.3020000E-03,+234.3751E-06,-1.1718750000E+00
+3.3022000E-03,+2.9687501E-03,-1.1796875000E+00
+3.3024000E-03,+3.7500002E-03,-1.1835937500E+00
+3.3026000E-03,+6.4843752E-03,-1.1796875000E+00
+3.3028000E-03,+10.0000002E-03,-1.1718750000E+00
+3.3030000E-03,+12.3437503E-03,-1.1757812500E+00
+3.3032000E-03,+12.7343753E-03,-1.1835937500E+00
+3.3034000E-03,+17.0312503E-03,-1.1718750000E+00
+3.3036000E-03,+19.7656254E-03,-1.1718750000E+00
+3.3038000E-03,+22.1093754E-03,-1.1757812500E+00
+3.3040000E-03,+23.6718754E-03,-1.1796875000E+00
+3.3042000E-03,+26.7968755E-03,-1.1757812500E+00
+3.3044000E-03,+28.7500005E-03,-1.1835937500E+00
+3.3046000E-03,+30.3125005E-03,-1.1875000000E+00
+3.3048000E-03,+35.0000006E-03,-1.1718750000E+00
+3.3050000E-03,+36.1718756E-03,-1.1835937500E+00
+3.3052000E-03,+38.1250007E-03,-1.1835937500E+00
+3.3054000E-03,+41.6406257E-03,-1.1757812500E+00
+3.3056000E-03,+42.4218757E-03,-1.1914062500E+00
+3.3058000E-03,+46.3281258E-03,-1.1718750000E+00
+3.3060000E-03,+48.2812508E-03,-1.1796875000E+00
+3.3062000E-03,+52.5781259E-03,-1.1679687500E+00
+3.3064000E-03,+53.3593759E-03,-1.1796875000E+00
+3.3066000E-03,+55.3125009E-03,-1.1835937500E+00
+3.3068000E-03,+59.6093760E-03,-1.1718750000E+00
+3.3070000E-03,+62.3437510E-03,-1.1679687500E+00
+3.3072000E-03,+64.6875011E-03,-1.1757812500E+00
+3.3074000E-03,+65.4687511E-03,-1.1875000000E+00
+3.3076000E-03,+69.3750011E-03,-1.1757812500E+00
+3.3078000E-03,+73.2812512E-03,-1.1718750000E+00
+3.3080000E-03,+74.0625012E-03,-1.1875000000E+00
+3.3082000E-03,+77.1875012E-03,-1.1796875000E+00
+3.3084000E-03,+81.0937513E-03,-1.1718750000E+00
+3.3086000E-03,+79.5312513E-03,-1.1992187500E+00
+3.3088000E-03,+85.0000014E-03,-1.1718750000E+00
+3.3090000E-03,+88.9062514E-03,-1.1718750000E+00
+3.3092000E-03,+88.9062514E-03,-1.1875000000E+00
+3.3094000E-03,+91.6406265E-03,-1.1796875000E+00
+3.3096000E-03,+95.1562515E-03,-1.1718750000E+00
+3.3098000E-03,+97.8906266E-03,-1.1796875000E+00
+3.3100000E-03,+99.4531266E-03,-1.1796875000E+00
+3.3102000E-03,+103.3593766E-03,-1.1718750000E+00
+3.3104000E-03,+104.5312517E-03,-1.1835937500E+00
+3.3106000E-03,+106.8750017E-03,-1.1796875000E+00
+3.3108000E-03,+110.0000017E-03,-1.1757812500E+00
+3.3110000E-03,+111.9531268E-03,-1.1796875000E+00
+3.3112000E-03,+114.2968768E-03,-1.1835937500E+00
+3.3114000E-03,+116.6406268E-03,-1.1796875000E+00
+3.3116000E-03,+119.3750019E-03,-1.1796875000E+00
+3.3118000E-03,+122.1093769E-03,-1.1796875000E+00
+3.3120000E-03,+124.8437520E-03,-1.1718750000E+00
+3.3122000E-03,+126.4062520E-03,-1.1796875000E+00
+3.3124000E-03,+129.5312520E-03,-1.1718750000E+00
+3.3126000E-03,+132.2656271E-03,-1.1718750000E+00
+3.3128000E-03,+135.0000021E-03,-1.1757812500E+00
+3.3130000E-03,+135.7812521E-03,-1.1835937500E+00
+3.3132000E-03,+139.6875022E-03,-1.1757812500E+00
+3.3134000E-03,+142.8125022E-03,-1.1718750000E+00
+3.3136000E-03,+143.9843772E-03,-1.1835937500E+00
+3.3138000E-03,+146.3281273E-03,-1.1757812500E+00
+3.3140000E-03,+151.0156273E-03,-1.1640625000E+00
+3.3142000E-03,+152.5781274E-03,-1.1757812500E+00
+3.3144000E-03,+152.9687524E-03,-1.1875000000E+00
+3.3146000E-03,+158.0468774E-03,-1.1679687500E+00
+3.3148000E-03,+161.1718775E-03,-1.1718750000E+00
+3.3150000E-03,+162.7343775E-03,-1.1796875000E+00
+3.3152000E-03,+164.6875025E-03,-1.1835937500E+00
+3.3154000E-03,+167.4218776E-03,-1.1835937500E+00
+3.3156000E-03,+172.1093777E-03,-1.1679687500E+00
+3.3158000E-03,+174.4531277E-03,-1.1718750000E+00
+3.3160000E-03,+176.0156277E-03,-1.1835937500E+00
+3.3162000E-03,+177.5781277E-03,-1.1835937500E+00
+3.3164000E-03,+180.7031278E-03,-1.1835937500E+00
+3.3166000E-03,+186.1718779E-03,-1.1718750000E+00
+3.3168000E-03,+187.3437529E-03,-1.1835937500E+00
+3.3170000E-03,+186.5625029E-03,-1.2070312500E+00
+3.3172000E-03,+188.1250029E-03,-1.1953125000E+00
+3.3174000E-03,+197.5000030E-03,-1.1601562500E+00
+3.3176000E-03,+197.8906280E-03,-1.1796875000E+00
+3.3178000E-03,+196.3281280E-03,-1.1953125000E+00
+3.3180000E-03,+200.6250031E-03,-1.1718750000E+00
+3.3182000E-03,+207.6562532E-03,-1.1562500000E+00
+3.3184000E-03,+205.7031282E-03,-1.1875000000E+00
+3.3186000E-03,+208.8281282E-03,-1.1757812500E+00
+3.3188000E-03,+212.7343783E-03,-1.1679687500E+00
+3.3190000E-03,+216.2500033E-03,-1.1718750000E+00
+3.3192000E-03,+214.6875033E-03,-1.1953125000E+00
+3.3194000E-03,+219.3750034E-03,-1.1757812500E+00
+3.3196000E-03,+223.2812534E-03,-1.1718750000E+00
+3.3198000E-03,+224.4531284E-03,-1.1835937500E+00
+3.3200000E-03,+225.6250035E-03,-1.1875000000E+00
+3.3202000E-03,+231.0937535E-03,-1.1640625000E+00
+3.3204000E-03,+233.0468786E-03,-1.1718750000E+00
+3.3206000E-03,+232.6562536E-03,-1.1914062500E+00
+3.3208000E-03,+236.5625036E-03,-1.1757812500E+00
+3.3210000E-03,+241.2500037E-03,-1.1640625000E+00
+3.3212000E-03,+243.2031287E-03,-1.1757812500E+00
+3.3214000E-03,+242.8125037E-03,-1.1875000000E+00
+3.3216000E-03,+247.8906288E-03,-1.1718750000E+00
+3.3218000E-03,+252.1875039E-03,-1.1679687500E+00
+3.3220000E-03,+252.5781289E-03,-1.1796875000E+00
+3.3222000E-03,+254.5312539E-03,-1.1796875000E+00
+3.3224000E-03,+256.8750039E-03,-1.1835937500E+00
+3.3226000E-03,+261.5625040E-03,-1.1757812500E+00
+3.3228000E-03,+261.9531290E-03,-1.1875000000E+00
+3.3230000E-03,+265.8593791E-03,-1.1757812500E+00
+3.3232000E-03,+267.8125041E-03,-1.1796875000E+00
+3.3234000E-03,+267.4218791E-03,-1.1953125000E+00
+3.3236000E-03,+272.8906292E-03,-1.1718750000E+00
+3.3238000E-03,+277.5781292E-03,-1.1601562500E+00
+3.3240000E-03,+277.1875042E-03,-1.1835937500E+00
+3.3242000E-03,+278.3593792E-03,-1.1796875000E+00
+3.3244000E-03,+283.0468793E-03,-1.1718750000E+00
+3.3246000E-03,+285.7812544E-03,-1.1718750000E+00
+3.3248000E-03,+286.1718794E-03,-1.1875000000E+00
+3.3250000E-03,+290.0781294E-03,-1.1718750000E+00
+3.3252000E-03,+292.0312544E-03,-1.1796875000E+00
+3.3254000E-03,+292.8125045E-03,-1.1914062500E+00
+3.3256000E-03,+296.3281295E-03,-1.1796875000E+00
+3.3258000E-03,+301.4062546E-03,-1.1640625000E+00
+3.3260000E-03,+299.4531296E-03,-1.1953125000E+00
+3.3262000E-03,+302.5781296E-03,-1.1796875000E+00
+3.3264000E-03,+306.0937547E-03,-1.1757812500E+00
+3.3266000E-03,+309.2187547E-03,-1.1718750000E+00
+3.3268000E-03,+311.1718797E-03,-1.1757812500E+00
+3.3270000E-03,+312.3437547E-03,-1.1796875000E+00
+3.3272000E-03,+315.4687548E-03,-1.1718750000E+00
+3.3274000E-03,+319.7656299E-03,-1.1679687500E+00
+3.3276000E-03,+322.5000049E-03,-1.1718750000E+00
+3.3278000E-03,+321.3281299E-03,-1.1992187500E+00
+3.3280000E-03,+324.8437549E-03,-1.1835937500E+00
+3.3282000E-03,+331.0937550E-03,-1.1679687500E+00
+3.3284000E-03,+331.4843800E-03,-1.1835937500E+00
+3.3286000E-03,+331.8750050E-03,-1.1914062500E+00
+3.3288000E-03,+336.1718801E-03,-1.1757812500E+00
+3.3290000E-03,+339.6875052E-03,-1.1757812500E+00
+3.3292000E-03,+341.6406302E-03,-1.1757812500E+00
+3.3294000E-03,+343.9843802E-03,-1.1757812500E+00
+3.3296000E-03,+345.9375052E-03,-1.1796875000E+00
+3.3298000E-03,+348.6718803E-03,-1.1835937500E+00
+3.3300000E-03,+352.1875053E-03,-1.1757812500E+00
+3.3302000E-03,+354.9218804E-03,-1.1757812500E+00
+3.3304000E-03,+356.4843804E-03,-1.1835937500E+00
+3.3306000E-03,+357.6562554E-03,-1.1875000000E+00
+3.3308000E-03,+362.3437555E-03,-1.1757812500E+00
+3.3310000E-03,+363.9062555E-03,-1.1835937500E+00
+3.3312000E-03,+366.2500056E-03,-1.1835937500E+00
+3.3314000E-03,+368.2031306E-03,-1.1835937500E+00
+3.3316000E-03,+371.3281306E-03,-1.1757812500E+00
+3.3318000E-03,,
